EKV1-001-C	Q=截至2026年6月30日公司有多少名全职员工？	EXPECTED=286名	ANSWER=截至 2026 年 6 月 30 日，公司共有 286 名全职员工。
EKV1-001-P	Q=公司在2026年6月底的全职员工总数是多少？	EXPECTED=286名	ANSWER=截至 2026 年 6 月 30 日，棱镜云图科技共有 **286** 名全职员工。
EKV1-002-C	Q=执行委员会固定在什么时间开会，由谁主持？	EXPECTED=每周二09:30，由CEO周牧主持	ANSWER=执行委员会（EC）固定在每周二 09:30 召开，由 CEO 周牧主持。
EKV1-002-P	Q=EC例会的星期、时间和主持人分别是什么？	EXPECTED=每周二09:30，由CEO周牧主持	ANSWER=根据检索到的信息，执行委员会（EC）例会的相关安排如下： * **星期**：每周二 * **时间**：09:30 * **主持人**：CEO 周牧
EKV1-003-C	Q=合同折扣超过18%时最低由谁批准，还要什么材料？	EXPECTED=CEO批准，并需EC书面纪要	ANSWER=根据《商业报价与折扣审批规则》和《公司概况与组织决策机制》，当合同折扣超过 18% 时，审批要求如下： * **最低审批人**：**CEO**。 * 具体区间为 >18–25% 由 CEO 批准；若折扣超过 25%，则需董事会授权。 * **所需材料/附加条件**： * 需要提交**竞争分析**和**回收期**说明。 * 需要形成**执行委员会（EC）书面纪要**。 * 对应的最低订阅毛利率要求为 **62%**。
EKV1-003-P	Q=超过18%的订阅折扣需要哪级审批和哪类记录？	EXPECTED=CEO批准，并需EC书面纪要	ANSWER=根据《商业报价与折扣审批规则》，超过 18% 的订阅折扣审批要求如下： * **18%–25%**：需 **CEO** 批准，最低订阅毛利率为 62%，需要提供的材料包括竞争分析和回收期 。此外，根据公司决策权限规定，此类折扣还需执行委员会（EC）书面纪要 。 * **超过 25%**：需 **董事会授权**，不预设最低毛利率，需要提供战略价值说明 。
EKV1-004-C	Q=不同内部文档冲突时的信息源优先级是什么？	EXPECTED=董事会决议>EC纪要>现行制度>团队手册>即时消息	ANSWER=根据《棱镜云图科技：公司概况与组织决策机制》中的规定，若不同文档发生冲突，信息源优先级依次为： 1. 董事会已批准决议 2. EC（执行委员会）纪要 3. 现行制度 4. 团队操作手册 5. 即时通讯消息 此外，制度类文档必须标注所有者、生效日期和版本；没有版本信息的页面只能作为背景材料，不能作为审批依据。
EKV1-004-P	Q=董事会决议、EC纪要、制度、手册和即时消息冲突时如何排序？	EXPECTED=董事会决议>EC纪要>现行制度>团队手册>即时消息	ANSWER=当董事会决议、EC纪要、制度、手册和即时消息发生冲突时，优先级排序如下： 1. 董事会已批准决议 2. EC（执行委员会）纪要 3. 现行制度 4. 团队操作手册 5. 即时通讯消息
EKV1-005-C	Q=AtlasDesk Core版年费和主要容量限制是什么？	EXPECTED=18万元；30万知识块；5个连接器	ANSWER=根据检索到的信息，AtlasDesk Core 版的相关规格如下： * **年费标价**：18 万元。 * **主要容量限制**： * 最多支持 30 万知识块。 * 最多支持 5 个连接器。 该版本的目标客户为 200 人以内的团队。其中，“知识块数量”按完成解析并进入索引的 chunk 计费，失败重试产生的临时块不计费。
EKV1-005-P	Q=Core版本多少钱，最多支持多少知识块和连接器？	EXPECTED=18万元；30万知识块；5个连接器	ANSWER=根据 AtlasDesk 产品与版本路线图，Core 版本的具体配置如下： * **年费标价**：18 万元 * **知识块限制**：最多 30 万知识块（按完成解析并进入索引的 chunk 计费） * **连接器限制**：最多 5 个连接器
EKV1-006-C	Q=2026年8月12日的稳定版和LTS版分别是什么？	EXPECTED=2026.8.2和2026.6-LTS	ANSWER=根据2026年8月12日的产品路线图信息： * **生产稳定版**：2026.8.2 * **长期支持版（LTS）**：2026.6-LTS
EKV1-006-P	Q=当前生产稳定版本及长期支持版本号是什么？	EXPECTED=2026.8.2和2026.6-LTS	ANSWER=根据最新的产品路线图信息，当前的版本号如下： * **生产稳定版**：2026.8.2 * **长期支持版 (LTS)**：2026.6-LTS 上述版本状态截至 2026-08-12 有效。
EKV1-007-C	Q=Wiki 2.0的主题归并、引用和多跳问答门槛是多少？	EXPECTED=86%、95%、82%	ANSWER=根据检索到的信息，AtlasDesk Wiki 2.0 的相关验收门槛如下： * **主题归并**：对 500 份混合格式文档，主题归并的人工可接受率不低于 **86%**。 * **引用覆盖**：页面中的事实性句子至少 **95%** 带可打开的来源引用。这也是公司级 OKR 中要求的来源引用覆盖率指标。 * **多跳问答**：在 20 个标准问题集上，多跳问答准确率不低于 **82%**。该基线已从早期的 78% 上调至 82%，且是释放 Wiki 2.0 项目全额奖金的必要条件之一。
EKV1-007-P	Q=Wiki文档模式2.0的三项核心质量目标分别是多少？	EXPECTED=86%、95%、82%	ANSWER=根据检索到的信息，AtlasDesk Wiki 文档模式 2.0 的核心质量目标（验收指标）主要包含以下三项关键数据： 1. **主题归并人工可接受率**：不低于 **86%**。即对 500 份混合格式文档进行主题归并时，人工评估的可接受程度需达到此标准。 2. **来源引用覆盖率**：页面中的事实性句子至少 **95%** 带可打开的来源引用。这也是公司级 OKR 中要求达到的来源引用覆盖率指标。 3. **多跳问答准确率**：在 20 个标准问题集上，多跳问答准确率不低于 **82%**。该基线已从早期的 78% 上调至 82%，并作为项目奖金池全额释放的必要条件之一。 此外，Wiki 2.0 还要求在同一实体出现冲突值时必须展示版本或来源差异，且删除源文档后受影响页面需在 30 分钟内标记为“需要复核”。
EKV1-008-C	Q=连接器连续多少次增量同步失败才创建P2告警？	EXPECTED=连续3次失败才创建P2；单次只记日志	ANSWER=根据 AtlasDesk 产品路线图中的连接器健康中心规范，连接器需要**连续三次**增量同步失败才会创建 P2 告警；单次失败仅会写入运营日志。
EKV1-008-P	Q=一次连接器同步失败会直接触发P2吗，触发条件是什么？	EXPECTED=连续3次失败才创建P2；单次只记日志	ANSWER=根据现有信息，**一次连接器同步失败不会直接触发 P2 告警**。 具体的触发条件和规则如下： 1. **P2 告警触发条件**： * 对于连接器健康中心，只有当**连续三次**增量同步失败时，才会创建 P2 告警。 * 单次失败仅会写入运营日志，不会触发呼叫或升级为事故。 * 在之前的北辰事故复盘中也提到，队列延迟告警的阈值要求是“连续 3 次失败”，因此单次异常未触发呼叫。 2. **P2 事故等级判定标准**： * P2 级事故通常指“单一战略客户关键能力不可用”或“持续错误率超过 20%”。 * 如果影响未知，应先按更高级别处理，确认范围后可以降级。 3. **其他相关监控逻辑**： * 监控不仅关注显式失败，还需关注数据一致性。例如在北辰事故后，新增了“源事件/索引对象差异告警”，因为游标提前提交虽被视为“成功”（无报错），但会导致数据遗漏。 * 连接器“成功”的定义已更新为必须同时满足“传输无错误”和“结果数量守恒”。 综上，单次同步失败属于运营日志记录范畴，需连续三次失败才会触发 P2 告警；但若单次失败导致战略客户关键能力不可用或数据严重不一致，可能通过其他监控指标（如新鲜度看板、差异告警）或客户报障被升级为 P2 事故。
EKV1-009-C	Q=北辰零售主合同期限和三年订阅金额是多少？	EXPECTED=2025-12-01至2028-11-30，288万元	ANSWER=根据北辰零售战略客户档案，其主合同期限及三年订阅金额如下： * **主合同期限**：2025-12-01 至 2028-11-30 * **三年订阅金额**：288 万元
EKV1-009-P	Q=NR-017的合同起止日期及订阅总额是什么？	EXPECTED=2025-12-01至2028-11-30，288万元	ANSWER=根据北辰零售战略客户档案，NR-017（北辰零售集团）的合同信息如下： * **合同起止日期**：2025年12月1日 至 2028年11月30日 * **订阅总额**：三年订阅金额为 288 万元
EKV1-010-C	Q=北辰SAP商品数据和SharePoint促销规则分别多久同步？	EXPECTED=SAP每日02:15全量、30分钟增量；SharePoint每15分钟	ANSWER=根据北辰零售战略客户档案，其数据同步频率如下： * **SAP 商品主数据**：每日 02:15 进行全量校验，每 **30 分钟**读取增量消息。 * **SharePoint 促销规则**：每 **15 分钟**同步一次。
EKV1-010-P	Q=北辰两类关键知识源的同步频率如何设置？	EXPECTED=SAP每日02:15全量、30分钟增量；SharePoint每15分钟	ANSWER=根据北辰零售战略客户档案，其两类关键知识源的同步频率设置如下： * **商品主数据（来自 SAP）**：每日 02:15 进行全量校验，每 30 分钟读取一次增量消息。 * **促销规则（来自 SharePoint）**：每 15 分钟同步一次。
EKV1-011-C	Q=北辰一期验收的三项实测结果是什么？	EXPECTED=91.9%、98.1%、5.4秒	ANSWER=根据北辰零售战略客户档案，一期验收的三项实测结果如下： * **答案可接受率**：91.9%（合同门槛为 88%） * **引用可打开率**：98.1%（合同门槛为 95%） * **P95 响应时间**：5.4 秒（合同门槛为 7 秒） 这三项指标均优于合同约定的验收门槛。
EKV1-011-P	Q=北辰160题验收集中答案、引用和P95分别达到多少？	EXPECTED=91.9%、98.1%、5.4秒	ANSWER=根据北辰零售战略客户档案，北辰零售一期项目验收使用了 160 个固定问题，各项指标达成情况如下： * **答案可接受率**：91.9% * **引用可打开率**：98.1% * **P95 响应时间**：5.4 秒 这些指标均优于合同规定的门槛（答案可接受率 88%、引用可打开率 95%、P95 响应时间 7 秒）。
EKV1-012-C	Q=北辰三类日志各保存多久？	EXPECTED=180天、90天、365天	ANSWER=根据北辰零售战略客户档案及数据分级与访问控制制度，北辰零售的三类日志保存期限如下： * **应用日志**：保存 **180 天** * **检索日志**：保存 **90 天** * **安全审计日志**：保存 **365 天** 需要注意的是，北辰零售的日志保留要求属于客户合同例外条款，高于公司默认标准（默认应用日志30天、检索日志60天），且这些日志必须存放在客户杭州数据中心 。
EKV1-012-P	Q=北辰应用、检索和安全审计日志的合同保留期限是什么？	EXPECTED=180天、90天、365天	ANSWER=根据北辰零售战略客户档案及数据分级与访问控制制度，北辰零售项目的日志保留期限如下： * **应用日志**：保存 180 天 * **检索日志**：保存 90 天 * **安全审计日志**：保存 365 天 这些保留期限属于客户合同例外条款，高于公司默认标准（应用日志30天、检索日志60天），且所有日志必须驻留在客户杭州数据中心。
EKV1-013-C	Q=超额知识块和额外生产连接器如何计费？	EXPECTED=每10万块每年1.2万元；每个连接器每年2.4万元	ANSWER=根据《商业报价与折扣审批规则》，超额知识块和额外生产连接器的计费标准如下： * **超额知识块**：按每 10 万块每年 **1.2 万元** 计费，不足 10 万块按一档计算。 * **额外生产连接器**：按每个每年 **2.4 万元** 计费；同一系统的测试和生产实例视为一个连接器。
EKV1-013-P	Q=多出的知识块与连接器分别按什么单价收费？	EXPECTED=每10万块每年1.2万元；每个连接器每年2.4万元	ANSWER=根据《商业报价与折扣审批规则》，多出的知识块与连接器的收费标准如下： * **超额知识块**：按每 10 万块每年 **1.2 万元**计费，不足 10 万块按一档计算。 * **额外生产连接器**：按每个每年 **2.4 万元**计费；同一系统的测试和生产实例视为一个连接器。
EKV1-014-C	Q=免费试用30天、31至60天和超过60天分别如何审批？	EXPECTED=销售总监；CRO；付费PoC	ANSWER=根据《商业报价与折扣审批规则》，免费试用的审批权限按时长划分如下： * **不超过 30 天**：由销售总监批准。 * **31–60 天**：由 CRO（首席营收官）批准。 * **超过 60 天**：必须按付费 PoC（概念验证）管理，任何口头延长均无效 。
EKV1-014-P	Q=不同长度免费试用的批准人与处理方式是什么？	EXPECTED=销售总监；CRO；付费PoC	ANSWER=根据《商业报价与折扣审批规则》，不同时长免费试用的批准人及处理方式如下： * **不超过 30 天**：由销售总监批准。 * **31–60 天**：由 CRO（首席营收官）批准。 * **超过 60 天**：必须按付费 PoC（概念验证）管理，不得作为免费试用处理。 此外，任何口头延长试用的行为均无效。
EKV1-015-C	Q=哪些无折扣交易仍必须进入Deal Desk？	EXPECTED=如源码托管、无限责任、低毛利、超60天账期、未GA能力等	ANSWER=根据《商业报价与折扣审批规则》，以下情况即使没有折扣也必须进入 Deal Desk 评审： * 客户要求源代码托管、无限责任或审计权； * 订阅毛利率低于 68%； * 免费定制超过 20 人日； * 付款账期超过 60 天； * 合同包含未进入 GA（通用可用）的产品能力； * 客户要求其数据用于联合训练或排他模型。 此外，从 2026-08-15 起，任何包含未 GA 能力的合同，不论折扣多少，都需 CPO、CRO 和法务联合批准。
EKV1-015-P	Q=没有折扣时什么特殊条款也会触发Deal Desk评审？	EXPECTED=如源码托管、无限责任、低毛利、超60天账期、未GA能力等	ANSWER=根据《商业报价与折扣审批规则》，即使没有折扣，出现以下任一情况也必须经过 Deal Desk 评审： * **特殊法律或合规条款**：客户要求源代码托管、无限责任或审计权。 * **毛利率过低**：订阅毛利率低于 68%。 * **免费定制过多**：免费定制工作量超过 20 人日。 * **付款账期过长**：付款账期超过 60 天。 * **包含未发布产品**：合同包含未进入 GA（通用可用性）的产品能力。 * **数据使用限制**：客户要求将其数据用于联合训练或排他模型。 此外，根据决策权限规定，任何人不得拆分合同以规避审批门槛。Deal Desk 的通过并不等同于法务通过或产品承诺，销售必须分别取得对应职能的批准。
EKV1-016-C	Q=续约默认涨价目标是多少，哪些情况可免涨？	EXPECTED=5%；三年预付、累计P1中断>=4小时或公开具名案例	ANSWER=根据《商业报价与折扣审批规则》，续约涨价的默认目标为 **5%**。 满足以下任一条件可申请免涨，但必须由 CRO 批准： * 客户三年预付； * 上一年度发生累计 4 小时以上 P1 中断； * 客户承诺可公开具名案例。
EKV1-016-P	Q=续约时通常涨多少，免涨条件有哪些？	EXPECTED=5%；三年预付、累计P1中断>=4小时或公开具名案例	ANSWER=根据《商业报价与折扣审批规则》，续约涨价及免涨政策如下： **1. 续约涨价幅度** 续约涨价的默认目标为 **5%**。续约报价以到期前 120 天的有效价目表为基础。 **2. 免涨条件** 满足以下任一条件可申请免涨，但必须由 **CRO** 批准： * 客户采用**三年预付**方式； * 上一年度发生累计 **4 小时以上 P1 中断**； * 客户承诺提供**可公开具名案例**。
EKV1-017-C	Q=标准实施有哪七个阶段，Pro和Regulated基准周期多长？	EXPECTED=发现、设计、配置、迁移、验证、上线、护航；8周和14周	ANSWER=根据《客户实施交付手册》，标准实施的七个阶段及基准周期如下： **1. 标准实施七个阶段** 标准实施分为以下七个阶段： * 发现 * 设计 * 配置 * 迁移 * 验证 * 上线 * 护航 **2. 基准周期** * **Pro 云端项目**：基准周期为 **8 周**。 * **Regulated 私有化项目**：基准周期为 **14 周**。 注意：周期从双方项目启动会次日开始计算，不包括等待客户提供环境、账号或数据的暂停时间。
EKV1-017-P	Q=交付流程阶段及两种部署的标准周期是什么？	EXPECTED=发现、设计、配置、迁移、验证、上线、护航；8周和14周	ANSWER=根据《客户实施交付手册》，标准实施交付流程分为以下七个阶段，不同部署模式的标准周期如下： **1. 标准交付阶段** 实施过程依次包含：**发现、设计、配置、迁移、验证、上线、护航**。 **2. 标准周期基准** * **Pro 云端项目**：基准周期为 **8 周**。 * **Regulated 私有化项目**：基准周期为 **14 周**。 **3. 周期计算说明** * 周期从双方项目启动会次日开始计算。 * 不包括等待客户提供环境、账号或数据的暂停时间。
EKV1-018-C	Q=首批迁移规模和解析成功率门槛是什么？	EXPECTED=3-5个来源、不超15%，成功率至少97%	ANSWER=根据《客户实施交付手册》，首批迁移规模和解析成功率门槛如下： * **首批迁移规模**：建议选择 3–5 个代表性知识源，合计不超过预计总量的 15%。 * **解析成功率门槛**：解析成功率低于 97% 时，项目不得进入业务验收，除非失败文件已由客户确认排除。
EKV1-018-P	Q=试迁移应覆盖多少知识源和比例，低于什么成功率不得验收？	EXPECTED=3-5个来源、不超15%，成功率至少97%	ANSWER=根据《客户实施交付手册》的规定，试迁移（首批迁移）及验收标准如下： * **试迁移范围**：建议选择 **3–5 个**代表性知识源，合计不超过预计总量的 **15%**。 * **验收成功率门槛**：解析成功率低于 **97%** 时，项目不得进入业务验收，除非失败文件已由客户确认排除。
EKV1-019-C	Q=标准验收问题集四类问题占比是什么？	EXPECTED=50%、25%、15%、10%	ANSWER=根据《客户实施交付手册》，标准验收问题集至少包含 100 题，其中四类问题的占比如下： * **事实检索**：50% * **多文档归纳**：25% * **权限边界**：15% * **无答案问题**：10%
EKV1-019-P	Q=事实、多文档、权限和无答案题在100题验收集中如何分配？	EXPECTED=50%、25%、15%、10%	ANSWER=根据《客户实施交付手册》，在标准的 100 题验收问题集中，各类题目的分配比例如下： * **事实检索**：50% * **多文档归纳**：25% * **权限边界**：15% * **无答案问题**：10%
EKV1-020-C	Q=上线后标准护航期多长，何时可以移交？	EXPECTED=10个工作日；连续3个工作日无P1/P2且指标达标	ANSWER=根据《客户实施交付手册》，上线后的标准护航期及移交条件如下： * **标准护航期**：**10 个工作日**。 * **移交条件**：在护航期间，需每日检查同步成功率、问答失败率、权限异常、活跃用户和未解决工单。当**连续 3 个工作日无 P1/P2 级别事故**且**关键指标达标**后，项目即可移交给客户成功团队。 移交时提供的移交包必须包括架构图、连接器清单、管理员手册、已知问题、未完成变更、验收报告和客户特殊条款。
EKV1-020-P	Q=护航需要持续多久，满足什么条件后转交客户成功？	EXPECTED=10个工作日；连续3个工作日无P1/P2且指标达标	ANSWER=根据《客户实施交付手册》，护航与移交的具体要求如下： **1. 护航持续时间** 上线后的标准护航期为 **10 个工作日**。 **2. 移交客户成功的条件** 项目移交需同时满足以下条件： * **故障指标**：连续 **3 个工作日**无 P1/P2 级别事故； * **运行指标**：关键指标达标（护航期间每日检查同步成功率、问答失败率、权限异常、活跃用户和未解决工单）。 满足上述条件后，项目方可正式移交给客户成功团队接管。移交时需提供包含架构图、连接器清单、管理员手册、已知问题、未完成变更、验收报告和客户特殊条款在内的完整移交包。
EKV1-021-C	Q=P1和P2的首次响应及内部升级时限分别是多少？	EXPECTED=P1 5/10分钟，P2 15/30分钟	ANSWER=根据《生产值班与事故响应规范》，P1 和 P2 事故的响应时限如下： * **P1 事故**（如多租户不可用、核心数据不可恢复）： * 首次响应：**5 分钟** * 内部升级：**10 分钟** * **P2 事故**（如单一战略客户关键能力不可用、持续错误率超过 20%）： * 首次响应：**15 分钟** * 内部升级：**30 分钟** 其中，“首次响应”指值班人员确认告警并开始判断，不代表恢复。若影响范围未知，应先按更高级别处理，确认后可降级但必须保留理由 。
EKV1-021-P	Q=事故等级P1/P2各自多久响应、多久升级？	EXPECTED=P1 5/10分钟，P2 15/30分钟	ANSWER=根据《生产值班与事故响应规范》，P1 和 P2 事故的响应与升级时限如下： * **P1 事故**（如多租户不可用、核心数据不可恢复）： * 首次响应：**5 分钟** * 内部升级：**10 分钟** * **P2 事故**（如单一战略客户关键能力不可用、持续错误率超过 20%）： * 首次响应：**15 分钟** * 内部升级：**30 分钟** 注：“首次响应”指值班人员确认告警并开始判断，不代表恢复。若影响范围未知，应先按更高级别处理，确认后可降级但需保留理由 。
EKV1-022-C	Q=P1/P2事故必须设置哪三个角色？	EXPECTED=Incident Commander、Operations Lead、Communications Lead	ANSWER=根据《生产值班与事故响应规范》，P1/P2 级事故必须指定以下三个角色： 1. **Incident Commander（IC，事故指挥官）**：负责目标、优先级和决策，不直接执行高风险命令。 2. **Operations Lead（OL，运维负责人）**：负责组织排查和变更。 3. **Communications Lead（CL，沟通负责人）**：负责维护时间线、状态页及客户更新。 此外，当事故参与人数超过 8 人时，还需另设记录员。第一个确认告警的主值班人员默认担任临时 IC，直到领域负责人接替。
EKV1-022-P	Q=重大事故的IC、OL、CL分别是什么角色？	EXPECTED=Incident Commander、Operations Lead、Communications Lead	ANSWER=根据《生产值班与事故响应规范》，在 P1 和 P2 级重大事故中，必须指定以下三个关键角色： * **Incident Commander (IC，事故指挥官)**：负责设定目标、确定优先级和做出决策。IC 不直接执行高风险命令，而是专注于指挥协调。第一个确认告警的主值班人员默认担任临时 IC，直到领域负责人接替。 * **Operations Lead (OL，运维负责人)**：负责组织具体的排查工作和执行变更操作。 * **Communications Lead (CL，沟通负责人)**：负责维护事故时间线、更新状态页以及向客户发布进展通报。 此外，当事故参与人数超过 8 人时，还需另设记录员。
EKV1-023-C	Q=事故恢复验证至少持续观察多久？	EXPECTED=至少15分钟	ANSWER=根据《生产值班与事故响应规范》，事故恢复验证阶段需要同时观察技术指标和用户路径，至少持续 **15 分钟**。
EKV1-023-P	Q=完成恢复动作后最短观察窗口是多少？	EXPECTED=至少15分钟	ANSWER=根据《生产值班与事故响应规范》，在完成恢复动作后，验证阶段需要同时观察技术指标和用户路径，至少持续 **15 分钟**。 此外，《AI模型使用与知识质量治理规范》中提到，在功能异常关闭并准备恢复前，需完成根因分析、回归测试和 **24 小时** 灰度观察；而在北辰零售同步延迟事故的复盘中，数据一致性校验完成后还继续观察了 **60 分钟** 以确保无新增遗漏。但就通用的生产事故恢复验证标准而言，最短观察窗口为 15 分钟。
EKV1-024-C	Q=云端默认与北辰数据库RPO/RTO分别是什么？	EXPECTED=云端30分钟/2小时；北辰15分钟/60分钟	ANSWER=根据《生产值班与事故响应规范》，云端多租户平台与北辰零售的数据库灾备目标（RPO/RTO）分别如下： **1. 云端多租户平台（默认标准）** * **数据库 RPO**：30 分钟 * **数据库 RTO**：2 小时 * **对象存储 RPO**：24 小时 **2. 北辰零售（战略客户特例）** * **数据库 RPO**：15 分钟 * **核心问答 RTO**：60 分钟 北辰零售的上述指标属于合同特殊条款，高于公司默认标准，其生产数据必须驻留在客户杭州数据中心 。
EKV1-024-P	Q=通用灾备目标和北辰合同目标有什么差异？	EXPECTED=云端30分钟/2小时；北辰15分钟/60分钟	ANSWER=根据检索到的信息，通用灾备目标（针对云端多租户平台）与北辰零售的合同目标在数据库恢复点目标（RPO）和核心服务恢复时间目标（RTO）上存在显著差异，具体如下： ### 1. 数据库恢复点目标 (RPO) * **通用目标**：云端多租户平台的默认数据库 RPO 为 **30 分钟** 。 * **北辰合同目标**：北辰零售的数据库 RPO 要求更严格，为 **15 分钟** 。 ### 2. 核心服务恢复时间目标 (RTO) * **通用目标**：云端多租户平台的默认 RTO 为 **2 小时** 。 * **北辰合同目标**：北辰零售的核心问答服务 RTO 要求为 **60 分钟** 。 ### 3. 其他相关差异 * **对象存储 RPO**：通用目标中对象存储 RPO 为 24 小时，北辰档案中未特别提及此项差异，通常遵循通用标准或合同特定约定 。 * **数据驻留**：北辰零售合同明确要求生产数据必须驻留在其**杭州数据中心**，不得复制到公有云，而通用云端多租户平台通常运行在公有云上 。 * **日志保留**：虽然不属于直接的灾备 RPO/RTO 指标，但北辰合同的日志保留要求（应用日志 180 天、检索日志 90 天、安全审计日志 365 天）高于公司默认标准（应用日志 30 天、检索日志 60 天、安全审计日志 365 天），这影响了数据恢复和审计的能力范围 。 总结来说，北辰零售作为战略客户，其合同约定的灾备恢复能力（RPO 15分钟，RTO 60分钟）优于公司通用的默认标准（RPO 30分钟，RTO 2小时）。
EKV1-025-C	Q=7月17日北辰事故持续多久，影响多少条商品变更？	EXPECTED=2小时44分钟，1842条	ANSWER=根据事故复盘记录，2026年7月17日北辰同步延迟事故的具体情况如下： * **持续时间**：事故持续了 **2 小时 44 分钟**（影响窗口为 10:42–13:26 CST）。 * **影响数据量**：共影响 **1,842 条**商品变更，其中 613 条被门店用户实际查询涉及。
EKV1-025-P	Q=INC-2026-0717-02的影响窗口和变更数量是多少？	EXPECTED=2小时44分钟，1842条	ANSWER=根据事故复盘记录，INC-2026-0717-02 的具体影响数据如下： * **影响窗口**：2026-07-17 10:42–13:26 CST * **变更数量**：共影响 1,842 条商品变更，其中 613 条被门店用户实际查询涉及
EKV1-026-C	Q=事故期间多少次回答引用旧记录，其中多少次影响业务判断？	EXPECTED=147次和39次	ANSWER=根据2026年7月17日北辰同步延迟事故的复盘记录，事故期间的数据如下： * **引用旧记录的次数**：共有 **147** 次回答引用了旧版本商品记录。 * **影响业务判断的次数**：经人工复核，其中 **39** 次会影响补货或促销判断。
EKV1-026-P	Q=旧商品信息命中和实际可能影响补货促销的次数分别是多少？	EXPECTED=147次和39次	ANSWER=根据2026年7月17日北辰同步延迟事故的复盘记录： * **旧商品信息命中次数**：在事故期间，共有 **147 次**回答引用了旧版本商品记录。 * **实际可能影响补货或促销判断的次数**：经人工复核后确认，其中有 **39 次**会影响补货或促销判断。
EKV1-027-C	Q=SAP增量事故的直接根因是什么？	EXPECTED=子批次完成就提前提交全局游标，乱序时跳过低序号	ANSWER=SAP增量事故的直接根因是`connector-sap 2.8.0`版本为提高吞吐量引入了批次并发处理逻辑，但在任一子批次完成后即更新全局游标。当上游消息出现乱序时，较晚完成的低序号批次会被已经提交的高序号游标跳过，导致部分新到达的商品变更未被索引。
EKV1-027-P	Q=connector-sap 2.8.0为什么会跳过低序号批次？	EXPECTED=子批次完成就提前提交全局游标，乱序时跳过低序号	ANSWER=根据事故复盘报告，`connector-sap 2.8.0` 跳过低序号批次的原因如下： 1. **并发处理逻辑缺陷**：该版本为了提高吞吐量引入了批次并发处理机制，但在**任一子批次完成后即更新全局游标**。 2. **上游消息乱序**：当上游 SAP 消息出现乱序时，序号较低（较晚到达）的批次可能因为处理耗时或其他原因，在序号较高（较早到达）的批次之后完成。 3. **游标覆盖导致跳过**：由于高序号批次先完成并提交了较高的全局游标，随后完成的低序号批次会被系统判定为“已处理”或“过时”，从而被已经提交的高序号游标跳过，导致这部分数据未被索引。 简而言之，是因为**游标更新策略与消息乱序不兼容**：系统在子批次完成时立即推进游标，而非等待所有同批次或更低序号的消息确认，导致乱序场景下的数据遗漏。
EKV1-028-C	Q=事故恢复使用了哪个版本和哪个游标，并如何验证一致性？	EXPECTED=回滚2.7.4，从10:30游标重放，三类数量差异为0	ANSWER=根据2026年7月17日北辰同步延迟事故的复盘记录，事故恢复的具体操作及验证方式如下： **1. 恢复使用的版本与游标** * **回滚版本**：团队将 `connector-sap` 回滚至 **2.7.4** 版本。 * **重放游标**：从发布前保存的 **10:30** 时刻的游标位置开始重新消费数据。 **2. 一致性验证方法** 恢复后的数据一致性通过以下三个层面进行验证： * **总量比对**：比较 SAP 事件总数、去重后的业务键数量以及索引对象版本，三者差异均为 0。 * **抽样复核**：对 200 个受影响的 SKU 进行抽样，确认商品名称、状态、价格和生效时间全部一致。 * **持续观察**：在 13:26 恢复后继续观察 60 分钟，确保队列延迟低于 90 秒且无新增遗漏。 最终，客户于 14:40 确认门店查询恢复正常。
EKV1-028-P	Q=北辰事故回滚与数据核对的具体做法是什么？	EXPECTED=回滚2.7.4，从10:30游标重放，三类数量差异为0	ANSWER=根据2026年7月17日北辰同步延迟事故的复盘记录，事故回滚与数据核对的具体做法如下： ### 1. 回滚操作 * **暂停消费**：团队首先暂停了SAP增量消费者的运行，并保留队列中的数据。 * **版本回退**：确认根因为`connector-sap 2.8.0`版本的并发提交逻辑后，将连接器回滚至之前的稳定版本`2.7.4`。 * **游标重放**：从发布前保存的游标位置（即10:30时的状态）开始重新消费数据。 ### 2. 数据核对与验证 恢复过程中及完成后，团队执行了以下多层级的验证步骤以确保数据一致性： * **总量守恒校验**：比较了SAP事件总数、去重后的业务键数量以及最终索引对象的数量，确保三者差异均为0。 * **抽样详细复核**：随机抽取了200个受影响的SKU，人工核对商品名称、状态、价格和生效时间，确认全部一致。 * **持续观察**：在13:26宣布恢复后，继续观察60分钟，确认队列延迟低于90秒且无新增遗漏。 * **客户确认**：客户于14:40确认门店查询功能恢复正常。 此次事故也促使公司更新了工程规则，规定涉及游标、去重或并发模型的连接器变更，其“成功”标准必须同时满足传输无错误和结果数量守恒，且必须在预发布环境执行乱序回放。
EKV1-029-C	Q=L2和L3数据如何定义及默认分享？	EXPECTED=L2指定团队；L3逐人授权	ANSWER=根据《数据分级与访问控制制度》，L2（机密）和 L3（严格机密）数据的定义及默认分享范围如下： **1. L2 机密** * **定义**：泄露会影响客户、商业或员工权益的数据。 * **示例**：报价、客户档案、未发布路线图等。客户合同和档案通常属于此级别。 * **默认分享范围**：指定团队。 **2. L3 严格机密** * **定义**：泄露可能造成重大合规或安全影响的数据。 * **示例**：生产密钥、原始身份数据、并购材料等。包含原始个人信息或安全凭据的附件属于此级别。 * **默认分享范围**：逐人授权。 **特别注意事项：** * **脱敏规则**：仅删除姓名不足以完成脱敏。如果通过门店、订单时间和商品组合仍可重新识别个人，则数据仍按原等级（L2 或 L3）处理。 * **权限管理**：生产环境下的 L3 权限不得直接授予个人永久账号，临时提权最长不超过 4 小时，且需工单、理由和审批。 * **导出限制**：L2 数据导出需数据所有者和安全负责人双批；L3 数据导出还需法务复核，并使用一次性加密传输。
EKV1-029-P	Q=机密与严格机密数据的影响和授权范围有什么区别？	EXPECTED=L2指定团队；L3逐人授权	ANSWER=根据《数据分级与访问控制制度》，机密（L2）与严格机密（L3）数据在影响范围和授权方式上的区别如下： **1. 影响范围不同** * **L2 机密**：泄露会影响客户、商业或员工权益。示例包括报价、客户档案和未发布路线图。 * **L3 严格机密**：泄露可能造成重大合规或安全影响。示例包括生产密钥、原始身份数据和并购材料。 **2. 默认分享范围与授权方式不同** * **L2 机密**：默认分享范围为**指定团队**。导出时需数据所有者和安全负责人双批。 * **L3 严格机密**：默认分享范围为**逐人授权**。在生产环境中，L3 权限不得直接授予个人永久账号；临时提权最长 4 小时，且需要工单、理由和审批人。导出时除需上述双批外，还需法务复核，并使用一次性加密传输。 ![数据分级表](https://example.com/image_placeholder.png) *(注：由于检索信息中未包含具体的表格图片URL，此处仅依据文本内容回答。若检索结果中包含相关图表，应在此处插入。根据规则，若无相关图片则不强制插入，但本题主要依赖文本定义。)* 此外，客户合同和档案通常为 L2；但如果附件包含原始个人信息或安全凭据，则升级为 L3。
EKV1-030-C	Q=临时提权最长多久，需要哪些记录？	EXPECTED=最长4小时，需工单、理由和审批人	ANSWER=根据《数据分级与访问控制制度》，临时提权的相关规定如下： * **最长时长**：4 小时。 * **所需记录/条件**：需要工单、理由和审批人。
EKV1-030-P	Q=生产临时权限的时长上限和申请材料是什么？	EXPECTED=最长4小时，需工单、理由和审批人	ANSWER=根据《数据分级与访问控制制度》，生产环境临时提权的相关规定如下： * **时长上限**：最长 **4 小时**。 * **申请材料/要求**：需要提交**工单**、说明**理由**并提供**审批人**。 此外，制度强调生产 L3 权限不得直接授予个人永久账号，权限必须授予角色或受管用户组。
EKV1-031-C	Q=哪些内容不得进入普通知识库？	EXPECTED=明文密码、私钥、完整卡号、未脱敏证件、医疗记录	ANSWER=根据《数据分级与访问控制制度》，以下内容不得进入普通知识库： * 明文密码 * 私钥 * 完整支付卡号 * 未脱敏的身份证件 * 员工医疗记录 若确有业务需求存储上述敏感信息，必须使用受控存储而非文档索引。此外，客户合同和档案通常为 L2 级，而包含原始个人信息或安全凭据的附件为 L3 级，也需遵循相应的严格访问控制规则。
EKV1-031-P	Q=文档索引明确禁止接入哪些敏感数据？	EXPECTED=明文密码、私钥、完整卡号、未脱敏证件、医疗记录	ANSWER=根据《数据分级与访问控制制度》，在知识源接入 AtlasDesk 前，以下内容**不得进入普通知识库**： * 明文密码 * 私钥 * 完整支付卡号 * 未脱敏的身份证件 * 员工医疗记录 若确有业务需求使用上述数据，必须使用受控存储而非文档索引。此外，原始顾客手机号、身份证号和支付卡号也不得进入 AtlasDesk 系统。
EKV1-032-C	Q=客户删除请求的主数据和搜索索引清除时限是多少？	EXPECTED=主数据7天，索引24小时	ANSWER=根据《数据分级与访问控制制度》，客户删除请求经数据所有者确认后，处理时限如下： * **生产主数据**：应在 **7 天内**删除。 * **搜索索引**：应在 **24 小时内**清除。 若数据处于法律保全状态，删除将暂停，但必须限制访问并记录原因。
EKV1-032-P	Q=收到确认后的数据删除SLA是什么？	EXPECTED=主数据7天，索引24小时	ANSWER=根据《数据分级与访问控制制度》，在客户删除请求经数据所有者确认后，具体的服务等级协议（SLA）如下： * **生产主数据**：应在 **7 天内** 删除； * **搜索索引**：应在 **24 小时内** 清除； * **备份数据**：在原生命周期到期后自然淘汰。 若数据处于法律保全状态，删除将暂停，但必须限制访问并记录原因。
EKV1-033-C	Q=Wiki 2.0专项预算调整后的模型评测和可靠性预算是多少？	EXPECTED=52万元和50万元	ANSWER=根据2026年8月6日的经营会决议，Wiki 2.0专项预算总额保持180万元不变，但内部结构进行了调整：从“模型与评测”科目转出20万元至“可靠性改造”。 调整后的最新可用预算口径如下： * **模型与评测**：52万元（原为72万元） * **可靠性改造**：50万元（原为30万元） 其他科目预算保持不变：连接器测试环境38万元、客户研究25万元、预备金15万元。
EKV1-033-P	Q=20万元转拨后两项预算的新口径是什么？	EXPECTED=52万元和50万元	ANSWER=根据2026年8月6日的董事会决议，在将“模型与评测”预算中的20万元转拨至“可靠性改造”后，两项预算的最新可用口径如下： * **模型与评测**：52 万元 * **可靠性改造**：50 万元 此次调整是在保持 Wiki 文档模式 2.0 专项预算总额 180 万元不变的前提下进行的。
EKV1-034-C	Q=超过80万元采购如何审批，需要什么材料？	EXPECTED=EC审议，需财务回收期与退出方案	ANSWER=根据《预算、采购与费用报销制度》，超过 80 万元的采购审批要求及所需材料如下： **1. 审批流程** * **审批人**：需经执行委员会（EC）审议。 **2. 所需材料与评估重点** * **财务回收期**：必须提供项目的财务回收期分析。 * **退出方案**：必须制定明确的退出方案。 **3. 其他相关约束** * **禁止拆单**：连续 12 个月向同一供应商采购同类服务应合并计算，不得通过拆分订单来规避此审批门槛。 * **唯一来源采购**：若属于唯一来源采购（如专利技术、强绑定或客户指定），申请人必须解释替代方案为何不可行；虽然制度主要强调 20 万元以上唯一来源需 CFO 和法务批准，但超过 80 万元的大额采购本身已需 EC 审议，通常涉及更严格的合规审查。
EKV1-034-P	Q=大额采购超过80万的决策机构和要求是什么？	EXPECTED=EC审议，需财务回收期与退出方案	ANSWER=根据《预算、采购与费用报销制度》，含税金额超过 80 万元的大额采购决策机构和要求如下： * **审批机构**：需经执行委员会（EC）审议。 * **具体要求**：必须提供财务回收期分析与退出方案。 此外，公司规定任何人不得拆分合同或采购单以规避审批门槛。
EKV1-035-C	Q=单客户推理成本占订阅月收入多少触发黄红预警？	EXPECTED=超过18%黄色，超过25%红色	ANSWER=根据《预算、采购与费用报销制度》，单客户月度推理成本触发预警的阈值如下： * **黄色预警**：超过其订阅月收入的 **18%**； * **红色预警**：超过其订阅月收入的 **25%**。 当触发红色预警时，需由产品和交付部门共同制定降本方案，且不得通过降低客户合同约定的质量门槛来消除预警。
EKV1-035-P	Q=模型API成本的黄色和红色阈值分别是多少？	EXPECTED=超过18%黄色，超过25%红色	ANSWER=根据《预算、采购与费用报销制度》，模型 API 成本的预警阈值如下： * **黄色预警**：单客户月度推理成本超过其订阅月收入的 **18%**。 * **红色预警**：单客户月度推理成本超过其订阅月收入的 **25%**。 触发红色预警时，需由产品和交付部门共同制定降本方案，且不得通过降低客户合同约定的质量门槛来消除预警。
EKV1-036-C	Q=差旅住宿、客户餐和报销时限的关键标准是什么？	EXPECTED=650元；300元需批准；30天提交，60天后CFO特批	ANSWER=根据《预算、采购与费用报销制度》，差旅住宿、客户餐及报销时限的关键标准如下： **1. 差旅住宿标准** * **基础限额**：一线城市每晚 **650 元**，其他城市每晚 **480 元**。 * **超标例外**：若是展会期间或客户指定酒店，凭说明可超标 **20%**。 **2. 客户工作餐标准** * **审批门槛**：单次客户餐人均超过 **300 元** 时，需销售或交付总监批准。 * **禁止项目**：酒类不作为常规可报销项目。 **3. 报销时限** * **正常提交**：费用应在发生后 **30 天内** 提交。 * **逾期处理**：超过 **60 天** 需 CFO 特批。
EKV1-036-P	Q=一线住宿、人均餐费和逾期报销分别如何限制？	EXPECTED=650元；300元需批准；30天提交，60天后CFO特批	ANSWER=根据《预算、采购与费用报销制度》，一线住宿、人均餐费和逾期报销的限制规定如下： * **住宿标准**：一线城市每晚限额为 **650 元**。若是参加展会或入住客户指定酒店，可凭说明超标 **20%**。 * **人均餐费**：单次客户工作餐人均超过 **300 元** 时，需经销售或交付总监批准。此外，酒类不作为常规可报销项目。 * **逾期报销**：费用应在发生后 **30 天内** 提交；若超过 **60 天**，则需 CFO 特批。
EKV1-037-C	Q=晋升L5及以上至少需要哪些证据？	EXPECTED=至少两份跨团队反馈和一项可复核业务结果	ANSWER=根据《人员绩效与混合办公政策》，晋升 L5 及以上职级至少需要以下两项证据： 1. **至少两份跨团队反馈**； 2. **一项可复核的业务结果**。 此外，政策强调晋升考察的是持续影响，不以单个紧急项目或加班时长为依据。
EKV1-037-P	Q=L5+晋升对跨团队反馈和业务结果有什么硬要求？	EXPECTED=至少两份跨团队反馈和一项可复核业务结果	ANSWER=根据《人员绩效与混合办公政策》，晋升 L5 及以上职级的硬性要求如下： * **跨团队反馈**：需至少提供**两份**跨团队反馈。 * **业务结果**：需具备一项**可复核**的业务结果。 此外，L5 职级本身的角色定义要求员工能够承担跨团队设计或处理复杂的客户结果。晋升考察注重持续的影响力，不以单个紧急项目或加班时长为依据。
EKV1-038-C	Q=2026下半年绩效周期及关键截止日期是什么？	EXPECTED=7月1日至12月31日；1月8日；1月15日	ANSWER=根据《人员绩效与混合办公政策》，2026年下半年绩效周期及关键截止日期如下： * **绩效周期**：2026年7月1日至12月31日。 * **员工自评截止**：2027年1月8日。 * **经理评估截止**：2027年1月15日。 * **校准会时间**：2027年1月18日至22日。 公司采用半年度正式绩效评估，季度进行轻量回顾。
EKV1-038-P	Q=H2绩效从何时到何时，自评和经理评估何时截止？	EXPECTED=7月1日至12月31日；1月8日；1月15日	ANSWER=根据《人员绩效与混合办公政策》，2026 年下半年（H2）的绩效安排如下： * **绩效周期**：2026 年 7 月 1 日至 12 月 31 日 。 * **员工自评截止**：2027 年 1 月 8 日 。 * **经理评估截止**：2027 年 1 月 15 日 。
EKV1-039-C	Q=杭州成都和深圳员工每周最低到岗几天？	EXPECTED=杭州成都3天，深圳4天	ANSWER=根据《人员绩效与混合办公政策》，不同地区员工的每周最低到岗天数规定如下： * **杭州和成都**：员工每周至少 **3 天** 在办公室。 * **深圳**：客户成功中心员工每周至少 **4 天** 到岗。 此外，经批准的全远程岗位不受上述最低到岗天数约束，但需在中国大陆时区保持核心协作时段。
EKV1-039-P	Q=不同办公地点的混合办公最低现场天数是多少？	EXPECTED=杭州成都3天，深圳4天	ANSWER=根据《人员绩效与混合办公政策》，不同办公地点的混合办公最低现场天数规定如下： * **杭州和成都**：员工每周至少 **三天** 在办公室，团队共同到岗日为周二和周四。 * **深圳（客户成功中心）**：员工每周至少 **四天** 到岗，以便集中处理客户演示和支持交接。 * **全远程岗位**：经批准的全远程岗位不受最低到岗天数约束，但必须在中国大陆时区保持核心协作时段 10:00–16:00。
EKV1-040-C	Q=Wiki 2.0奖金池全额、部分和不释放的条件是什么？	EXPECTED=两项都达标全额；一项40%；都未达0	ANSWER=根据《人员绩效与混合办公政策》，Wiki 2.0 项目奖金池（36万元）的释放条件如下： * **全额释放**：需同时满足以下两项指标： 1. 多跳准确率不低于 82%； 2. 来源引用覆盖率不低于 95%。 * **部分释放（40%）**：仅达到上述两项指标中的一项。 * **不释放**：两项指标均未达到。 此外，若安全越权事件经确认源于项目设计缺陷，奖金池将由执行委员会（EC）重新评估。
EKV1-040-P	Q=36万元项目奖金如何由82%和95%两个指标决定？	EXPECTED=两项都达标全额；一项40%；都未达0	ANSWER=根据《人员绩效与混合办公政策》，2026 年 Wiki 2.0 项目奖金池为 36 万元，其释放规则严格取决于“多跳准确率”和“来源引用覆盖率”这两项指标的达成情况： * **全额释放（100%）**：需同时满足多跳准确率不低于 **82%** 且来源引用覆盖率不低于 **95%**。 * **部分释放（40%）**：仅达到上述两项指标中的一项时，释放奖金池的 40%。 * **不释放（0%）**：若两项指标均未达到，则不释放奖金。 此外，若安全越权事件经确认源于该项目的设计缺陷，奖金池将由执行委员会（EC）重新评估。
EKV1-041-C	Q=批准的主问答、向量化和私有化重排模型代号是什么？	EXPECTED=orion-large-cn-2026-06、jade-embed-v4、local-rerank-3b	ANSWER=根据《AI 模型使用与知识质量治理规范》，截至 2026-08-10，批准的生产用途模型代号如下： * **主问答模型**：`orion-large-cn-2026-06`（允许用于问答、Wiki 生成，数据上限 L2，为默认主模型） * **向量化模型**：`jade-embed-v4`（允许用于中英文向量化，数据上限 L2，维度 1536） * **私有化重排模型**：`local-rerank-3b`（允许用于私有化重排，数据上限 L3，仅限客户环境使用）
EKV1-041-P	Q=生产白名单中问答、Embedding和L3重排分别用什么模型？	EXPECTED=orion-large-cn-2026-06、jade-embed-v4、local-rerank-3b	ANSWER=根据《AI 模型使用与知识质量治理规范》，生产白名单中各用途对应的模型如下： * **问答**：使用 `orion-large-cn-2026-06`，该模型也用于 Wiki 生成，数据处理上限为 L2。 * **Embedding（向量化）**：使用 `jade-embed-v4`，支持中英文向量化，维度为 1536，数据处理上限为 L2。 * **L3 重排**：使用 `local-rerank-3b`，用于私有化重排，仅限客户环境使用，数据处理上限为 L3。
EKV1-042-C	Q=客户可见问答标准评测的五项门槛是什么？	EXPECTED=88%、95%、85%、0、90%	ANSWER=根据《AI 模型使用与知识质量治理规范》，客户可见问答的标准评测包含以下五项门槛指标： 1. **事实准确率**：≥88% 2. **引用可验证率**：≥95% 3. **无答案正确拒答率**：≥85% 4. **越权命中数**：0 5. **稳定性（结论一致率）**：同一问题五次运行的结论一致率 ≥90% 此外，评测必须基于至少 200 个问题，其中客户领域问题不少于 60%，且不能仅使用公开通识题。
EKV1-042-P	Q=事实、引用、拒答、越权和五次一致率分别需达到多少？	EXPECTED=88%、95%、85%、0、90%	ANSWER=根据《AI 模型使用与知识质量治理规范》，客户可见问答的上线评测标准门槛如下： * **事实准确率**：≥88% * **引用可验证率**：≥95% * **无答案正确拒答率**：≥85% * **越权命中数**：0 * **同一问题五次运行的结论一致率**：≥90%
EKV1-043-C	Q=来源冲突和“最新”查询应如何处理？	EXPECTED=展示来源日期范围并按信息源优先级；最新看生效日期和版本	ANSWER=根据《AI 模型使用与知识质量治理规范》，处理来源冲突和“最新”查询的规则如下： **1. 来源冲突处理** * **禁止自行选择：** 当不同来源存在冲突时，模型不得自行选择最“合理”的数字或内容 。 * **展示差异：** 应展示冲突内容的来源、日期和适用范围 。 * **说明有效值：** 需根据公司信息源优先级说明当前有效的数值或内容 。 * **Wiki 模式要求：** 在 Wiki 文档模式 2.0 中，同一实体出现冲突值时，不得静默合并，必须展示版本或来源差异 。 **2. “最新”查询处理** * **优先依据：** 当用户要求“最新”信息时，系统应优先使用数据的**生效日期**和**版本**进行判断 。 * **禁止仅靠相似度：** 不得只按向量相似度排序来确定最新内容 。 * **缺失日期处理：** 如果缺少日期信息，应明确说明时效无法确认 。 **3. 基础原则** * **引用溯源：** 事实性回答应引用原始来源或可追溯的结构化记录 。 * **回读源文档：** 对于精确数值、合同条款、配置值和原文引用，必须回读源文档，不能仅依赖摘要页面 。
EKV1-043-P	Q=模型面对冲突数字或时效问题时应依据什么而不是相似度？	EXPECTED=展示来源日期范围并按信息源优先级；最新看生效日期和版本	ANSWER=根据《AI 模型使用与知识质量治理规范》，当面对冲突数字或用户要求“最新”信息时，系统应依据**生效日期和版本**（以及来源、日期和适用范围）进行判断，不得只按向量相似度排序。 具体处理原则如下： * **冲突处理**：不同来源冲突时，模型不得自行选择最“合理”的数字，应展示来源、日期和适用范围，并根据公司信息源优先级说明当前有效值。 * **时效优先**：用户要求“最新”时，系统应优先使用生效日期和版本；缺少日期时应明确说明时效无法确认。
EKV1-044-C	Q=Agent工具调用和总时长上限是多少，哪些动作需人工确认？	EXPECTED=最多12次、90秒；导出/权限修改/批量发布需确认	ANSWER=根据《AI 模型使用与知识质量治理规范》及《AtlasDesk 产品与版本路线图》，相关限制与要求如下： **1. Agent 工具调用与时长上限** * **工具调用次数**：Agent 默认最多执行 **12 次**工具调用。 * **总时长上限**：单次会话总时长上限为 **90 秒**。 * **异常处理**：当遇到输出长度限制、来源不足或工具连续失败时，应结束当前循环并返回状态，不得重复生成相同段落或进行无工具循环。 **2. 需人工确认的高风险动作** 以下高风险动作必须在执行前请求**人工确认**： * 数据导出； * 权限修改； * 批量发布。 此外，模型生成的命令、SQL 或配置变更必须由执行系统进行参数校验，不能仅依赖提示词限制。若工具返回权限拒绝，Agent 不得通过其他搜索词绕开。
EKV1-044-P	Q=Agent循环限制与高风险操作确认要求是什么？	EXPECTED=最多12次、90秒；导出/权限修改/批量发布需确认	ANSWER=根据检索到的信息，Agent 循环限制与高风险操作确认要求如下： ### Agent 循环限制 * **工具调用次数**：Agent 默认最多执行 **12 次**工具调用。 * **会话时长**：单次会话总时长上限为 **90 秒**。 * **终止条件**：当遇到输出长度上限、权限拒绝、来源不足或工具连续失败时，应结束当前循环并返回状态，不得重复生成相同段落或进行无工具循环。若达到输出长度上限后继续无工具循环，或被判定为重复输出实质相同的最终答案，将被列为发布阻断项。 * **权限绕过禁止**：当工具返回权限拒绝时，不得通过其他搜索词绕开。 ### 高风险操作确认要求 * **人工确认**：高风险动作（如数据导出、权限修改、批量发布）必须在执行前请求**人工确认**。 * **系统校验**：模型生成的命令、SQL 或配置变更必须由执行系统进行参数校验，不能仅依赖提示词限制。 * **审批流程**：涉及客户数据导出（特别是 L2/L3 数据）需经过数据所有者、安全负责人批准，L3 数据还需法务复核。
EKV1-045-C	Q=7月底ARR、NRR和现金余额是多少？	EXPECTED=7860万元、107.4%、6480万元	ANSWER=截至 2026 年 7 月 31 日，公司的经营数据如下： * **年度经常性收入 (ARR)**：7,860 万元 * **净收入留存率 (NRR)**：107.4% * **现金余额**：6,480 万元
EKV1-045-P	Q=经营快照中的三项核心财务数字是什么？	EXPECTED=7860万元、107.4%、6480万元	ANSWER=根据2026年第三季度经营会决议中的经营快照，截至2026年7月31日，三项核心财务数字如下： * **年度经常性收入（ARR）**：7,860 万元（年度目标为 9,200 万元） * **净收入留存率（NRR）**：107.4%（目标为 112%） * **现金余额**：6,480 万元
EKV1-046-C	Q=O1对设计伙伴数量与配置工时的目标是什么？	EXPECTED=8家；26人日降到16人日	ANSWER=根据2026年第三季度OKR与经营会决议，O1（证明 Wiki 文档模式可规模化交付）针对设计伙伴数量与配置工时的具体目标如下： * **设计伙伴数量**：Wiki 2.0 需在 **8家** 设计伙伴完成上线，其中至少 **3家** 为 Regulated（受监管）客户 。 * **配置工时**：单项目 Wiki 配置与验收工时需从 26 人日降至 **16 人日** 。
EKV1-046-P	Q=Wiki规模化交付要求几家伙伴上线，工时从多少降到多少？	EXPECTED=8家；26人日降到16人日	ANSWER=根据2026年第三季度OKR与经营会决议，Wiki规模化交付（O1：证明 Wiki 文档模式可规模化交付）的具体要求如下： * **伙伴上线数量**：要求 Wiki 2.0 在 **8家** 设计伙伴完成上线（其中至少3家为Regulated客户）。 * **工时降低目标**：单项目 Wiki 配置与验收工时需从 **26人日** 降至 **16人日**。
EKV1-047-C	Q=预算调整后五个Wiki专项科目的金额分别是多少？	EXPECTED=52、38、25、50、15万元	ANSWER=根据2026年8月6日经营会决议及最新预算口径，Wiki 2.0专项预算总额保持180万元不变，调整后的五个科目金额如下： * **模型与评测**：52 万元 * **连接器测试环境**：38 万元 * **客户研究**：25 万元 * **可靠性改造**：50 万元 * **预备金**：15 万元 此次调整是从“模型与评测”中转出20万元至“可靠性改造”，其他科目金额维持原预算分配。
EKV1-047-P	Q=180万元总预算的新分配是什么？	EXPECTED=52、38、25、50、15万元	ANSWER=根据2026年8月6日通过的经营会决议，Wiki 2.0 专项预算总额保持 **180 万元**不变，但内部科目进行了调整。具体的新分配如下： | 预算科目 | 金额（万元） | |---|---| | 模型与评测 | 52 | | 连接器测试环境 | 38 | | 客户研究 | 25 | | 可靠性改造 | 50 | | 预备金 | 15 | | **总计** | **180** | 此次调整是从“模型与评测”中转出 20 万元至“可靠性改造”。调整前的原分配为：模型与评测 72 万元、连接器测试环境 38 万元、客户研究 25 万元、可靠性改造 30 万元、预备金 15 万元。
EKV1-048-C	Q=8月15日起包含未GA能力的合同需要谁联合批准？	EXPECTED=CPO、CRO和法务	ANSWER=根据2026年8月6日的经营会决议，自2026年8月15日起，任何包含未进入GA（正式发布）能力的合同，不论折扣多少，都需要 **CPO（首席产品官）、CRO（首席营收官）和法务** 联合批准。
EKV1-048-P	Q=销售例外收紧后未GA能力合同的审批组合是什么？	EXPECTED=CPO、CRO和法务	ANSWER=根据2026年第三季度经营会决议，自2026年8月15日起，任何包含未GA（正式发布）能力的合同，不论折扣多少，都需要以下三方联合批准： * **CPO**（首席产品官） * **CRO**（首席营收官） * **法务** 这一规定属于“销售例外收紧”决议的一部分，旨在加强对非标准产品能力销售的管控。
EKV1-049-C	Q=采购25万元时应由谁审批，需要几家报价和什么附加材料？	EXPECTED=CFO+CEO，至少三家报价和风险评估	ANSWER=根据《预算、采购与费用报销制度》和《公司概况与组织决策机制》，采购含税金额为 25 万元时的审批要求如下： * **审批人**：需由 **CFO + CEO** 共同审批。 * 依据：25 万元属于“>20–80 万元”的区间，该区间规定需 CFO 和 CEO 审批；同时决策权限表中也明确单笔采购超过 20 万元需 CFO + CEO 审批。 * **报价数量**：需要至少 **三家** 报价。 * **附加材料/要求**：需要进行 **风险评估**，且例外情况须记录。 | 含税金额 | 审批 | 采购要求 | |---:|---|---| | &gt;20–80 万元 | CFO + CEO | 至少三家报价和风险评估 |
EKV1-049-P	Q=结合公司权限和财务制度，25万元采购的完整审批要求是什么？	EXPECTED=CFO+CEO，至少三家报价和风险评估	ANSWER=根据公司的《预算、采购与费用报销制度》及《公司概况与组织决策机制》，针对**25万元**（含税）的采购，其完整审批要求如下： ### 1. 审批层级与人员 由于25万元属于“>20–80万元”的区间，需由以下人员共同审批： * **CFO（沈宁）** * **CEO（周牧）** ### 2. 采购前置要求 在提交审批前，必须满足以下采购合规要求： * **报价数量**：必须提供**至少三家**可比报价。 * **风险评估**：必须附带**风险评估**报告。 * **禁止拆单**：不得将采购单拆分以规避此审批门槛。若过去12个月内向同一供应商采购同类服务，金额应合并计算。 ### 3. 特殊情况：唯一来源采购 如果该采购属于“唯一来源”（如专利技术、强绑定或客户指定），除上述常规要求外，还需满足： * **替代方案论证**：申请人必须解释为何其他替代方案不可行。 * **额外批准**：由于金额超过20万元，还需获得**CFO**和**法务**的批准。 ### 4. 预算与付款相关约束 * **预算检查**：采购需在已批准的预算内。若涉及跨成本中心调整或超过季度预算8%的调整，需CFO批准。 * **预付款限制**：若合同预付款超过30%，需说明商业理由；若预付款超过50%且金额大于20万元（本例25万满足此条件），则需要**履约保障**或**CFO书面豁免**。 * **验收要求**：采购验收人不得与申请人完全相同。若涉及安全、隐私或生产访问，还需**安全部门**参与验收。 **总结：** 25万元采购的核心审批人是**CFO和CEO**，核心动作是提供**三家报价**及**风险评估**，并严禁拆单。
EKV1-050-C	Q=购买Core并额外增加20万知识块，不含实施费的年标价合计是多少？	EXPECTED=20.4万元	ANSWER=根据检索到的信息，购买 Core 版本并额外增加 20 万知识块的年标价合计计算如下： 1. **Core 版本年费标价**：Core 版本的年费标价为 **18 万元**起。 2. **超额知识块费用**： * Core 版本包含最多 30 万知识块。 * 超额知识块按每 10 万块每年 1.2 万元计费，不足 10 万块按一档计算。 * 用户额外增加 20 万知识块，即增加了 2 个计费档位（20 万 / 10 万 = 2）。 * 超额费用为：2 × 1.2 万元 = **2.4 万元**。 3. **合计年标价**： * 18 万元（订阅） + 2.4 万元（超额用量） = **20.4 万元**。 因此，不含实施费的年标价合计为 **20.4 万元**。
EKV1-050-P	Q=Core基础订阅加两个10万块超额档位一年共多少钱？	EXPECTED=20.4万元	ANSWER=根据《商业报价与折扣审批规则》，Core 基础订阅加两个 10 万块超额档位的年费计算如下： 1. **Core 年费标价**：18 万元。 2. **超额知识块费用**：按每 10 万块每年 1.2 万元计费，不足 10 万块按一档计算。两个 10 万块档位的费用为 $1.2 \times 2 = 2.4$ 万元。 3. **合计金额**：$18 + 2.4 = 20.4$ 万元。 因此，一年共 **20.4 万元**。
EKV1-051-C	Q=北辰7月17日事故的客户首报是否满足合同，实际用了几分钟？	EXPECTED=9分钟，满足	ANSWER=根据北辰零售战略客户档案，其合同要求 P1 事故须在 15 分钟内通知客户。虽然 7 月 17 日的同步延迟事故定级为 P2，但复盘报告指出公司在 11:27 完成客户首报，并明确说明这“满足 15 分钟合同要求”。 从时间线来看： * 客户在 **11:18** 首次报告问题（提交工单）； * 公司在 **11:27** 完成对客户的首次通报。 因此，从客户报告到公司完成首报，实际用时为 **9 分钟**，满足合同约定的 15 分钟时限要求。
EKV1-051-P	Q=从客户报告到公司首次通报用了多久，是否符合北辰15分钟条款？	EXPECTED=9分钟，满足	ANSWER=根据事故复盘记录，北辰零售在 **11:18** 提交工单报告新品缺失，公司在 **11:27** 完成客户首报。从客户报告到公司首次通报耗时 **9 分钟**。 这一时间符合北辰零售合同中要求的 **15 分钟内首报** 条款。
EKV1-052-C	Q=2026年8月15日后，一个无折扣但包含未GA能力的合同要经过哪些审批？	EXPECTED=Deal Desk评审，并由CPO、CRO、法务联合批准	ANSWER=根据2026年8月15日起生效的销售例外收紧政策，任何包含未进入通用发布（GA）阶段产品能力的合同，无论是否包含折扣，都必须经过以下三方联合批准： * **首席产品官 (CPO)** * **首席营收官 (CRO)** * **法务部门** 此外，根据商业报价与折扣审批规则，即使没有折扣，若合同包含未进入 GA 的产品能力，也必须提交至 **Deal Desk** 进行评审 。需要注意的是，Deal Desk 的通过并不等同于最终批准，销售团队仍需分别取得对应职能（如法务、产品）的正式批准 。
EKV1-052-P	Q=结合Deal Desk与最新经营决议，未GA合同即使零折扣也要走什么流程？	EXPECTED=Deal Desk评审，并由CPO、CRO、法务联合批准	ANSWER=根据最新的经营决议与商业报价规则，未GA（未正式发布）合同即使零折扣，也需执行以下流程： 1. **联合审批**：从 2026-08-15 起，任何包含未 GA 能力的合同，不论折扣多少，都需 **CPO、CRO 和法务联合批准**。 2. **Deal Desk 强制评审**：根据 Deal Desk 规则，合同包含未进入 GA 的产品能力属于必须评审的情况，即使没有折扣也必须提交 Deal Desk 评审。 3. **职能独立批准**：需注意，Deal Desk 通过不等于法务通过，也不等于产品承诺。销售必须分别取得对应职能（如法务、产品）的批准。 此外，制度明确禁止在主合同中承诺路线图中的 Beta 日期，且交付团队不得把路线图目标写入主合同的刚性验收条款，确需承诺时必须由 CPO 和 COO 联合批准并在客户档案中记录。
EKV1-053-C	Q=北辰二期的验收题数、UAT和正式发布日期分别是什么？	EXPECTED=160题；9月18日UAT；10月10日发布	ANSWER=根据检索到的信息，北辰零售二期项目的相关安排如下： * **验收题数**：采用 **160 题**验收集，不适用标准交付手册中规定的 100 题下限。 * **UAT（用户验收测试）日期**：计划于 **2026-09-18** 进入 UAT。 * **正式发布日期**：目标为 **2026-10-10** 正式发布。
EKV1-053-P	Q=交付手册与客户档案对北辰二期给出的完整验收发布计划是什么？	EXPECTED=160题；9月18日UAT；10月10日发布	ANSWER=根据《北辰零售战略客户档案》与《客户实施交付手册》，北辰零售二期（Wiki 文档模式及门店异常案例库）的完整验收发布计划及相关要求如下： ### 1. 关键时间节点 * **用户验收测试 (UAT) 进入时间**：2026-09-18 * **正式发布目标日期**：2026-10-10 ### 2. 验收标准与范围 * **验收题集规模**：采用 **160 题** 验收集，不适用标准交付手册中规定的至少 100 题的下限 。 * **首个 Wiki 主题**：客户要求将“门店闭店检查”作为第一个 Wiki 主题，并提供按大区过滤的阅读权限 。 ### 3. 连接器发布前置条件 鉴于 2026-07-17 发生的同步延迟事故，二期涉及的所有连接器变更需满足以下严格条件方可发布 ： * **预发布观察期**：必须在客户预发布环境运行至少 **48 小时** 。 * **数据一致性校验**：需比较增量游标、事件数量和最终对象数量，确保结果数量守恒 。 * **SAP 增量连接器特别要求**：必须完成乱序回放测试 。 ### 4. 排除项与承诺边界 * **移动端离线能力**：明确**不进入**二期范围。销售与客户经理不得用“路线图候选”等措辞向客户暗示承诺该功能 。 ### 5. 当前风险状态 截至 2026-08-15，二期项目存在以下风险，可能影响按计划进入 UAT： * **红色风险**：Wiki 主题负责人尚未完成培训，截止日期为 2026-08-22，负责人为客户成功经理郑禾 。 * **黄色风险**：华东二区权限树存在 37 个空节点，需在 2026-08-25 前解决 。
EKV1-054-C	Q=北辰的数据库灾备目标比云端默认目标分别缩短多少？	EXPECTED=RPO快15分钟，RTO快60分钟	ANSWER=根据《生产值班与事故响应规范》和《北辰零售战略客户档案》，北辰零售的数据库灾备目标与云端多租户平台默认目标的对比如下： **1. 恢复点目标 (RPO)** * **云端默认：** 30 分钟 * **北辰零售：** 15 分钟 * **缩短时间：** 15 分钟 **2. 恢复时间目标 (RTO)** * **云端默认：** 2 小时（即 120 分钟） * **北辰零售：** 60 分钟（针对核心问答服务/数据库） * **缩短时间：** 60 分钟（1 小时） 综上，北辰零售的数据库 RPO 比云端默认目标缩短了 **15 分钟**，RTO 缩短了 **60 分钟**。
EKV1-054-P	Q=对比默认与北辰RPO/RTO，北辰各快多少分钟？	EXPECTED=RPO快15分钟，RTO快60分钟	ANSWER=根据《生产值班与事故响应规范》和《北辰零售战略客户档案》，默认平台与北辰零售的灾备目标对比如下： **1. 数据库 RPO（恢复点目标）** * **默认标准**：30 分钟 * **北辰零售**：15 分钟 * **对比结果**：北辰比默认快 **15 分钟**。 **2. 核心服务 RTO（恢复时间目标）** * **默认标准**：2 小时（即 120 分钟） * **北辰零售**：60 分钟（针对核心问答服务） * **对比结果**：北辰比默认快 **60 分钟**。 **总结：** 北辰零售的数据库 RPO 比默认标准快 15 分钟，核心服务 RTO 比默认标准快 60 分钟。
EKV1-055-C	Q=O2为什么要求游标型连接器做数量守恒校验？	EXPECTED=源自7月17日北辰事故：只看错误率未比较源事件与最终对象	ANSWER=O2 要求游标型连接器进行数量守恒校验，主要是为了吸取 **2026-07-17 北辰同步延迟事故** 的教训，防止因技术缺陷导致数据遗漏而未被及时发现 。 具体原因和背景如下： 1. **事故根因**：在北辰零售的事故中，SAP 增量连接器（`connector-sap 2.8.0`）引入了批次并发处理逻辑。当上游消息乱序时，较晚完成的低序号批次被已提交的高序号游标跳过，导致部分新到达的商品变更未被索引。由于系统仅监控“队列无报错”，将这种游标提前提交误判为成功，因此没有触发告警 。 2. **监控盲区**：原有的监控只关注显式失败和吞吐量，未校验源事件数与最终对象数的一致性。这导致虽然问答服务本身可用，但回答中出现了过期的价格和下架状态，影响了关键知识的新鲜度 。 3. **规则变更**：为避免此类情况再次发生，公司确立了新的工程规则：连接器的“成功”必须同时满足传输无错误和**结果数量守恒**。涉及游标、去重或并发模型的连接器变更，必须在预发布环境执行乱序回放，且不得用“队列无报错”替代完整性校验 。 因此，O2 中的 KR3 “所有游标型连接器上线结果数量守恒校验” 是为了确保数据同步的完整性，从机制上杜绝因游标管理不当导致的数据静默丢失 。
EKV1-055-P	Q=经营OKR中的数量守恒KR源自哪次事故的什么系统性缺口？	EXPECTED=源自7月17日北辰事故：只看错误率未比较源事件与最终对象	ANSWER=经营OKR中关于“所有游标型连接器上线结果数量守恒校验”的关键结果（KR），源自 **2026年7月17日北辰零售同步延迟事故**（事故编号 INC-2026-0717-02）。 该事故暴露了以下三个主要的系统性缺口： 1. **测试覆盖不足**：集成测试仅覆盖了顺序消息，没有覆盖乱序与重复投递的场景。 2. **验收指标缺失**：发布验收只比较吞吐量和错误率，没有比较源事件数与最终对象数的一致性（即缺乏数量守恒校验）。 3. **监控告警缺陷**：告警监控的是显式失败，而游标提前提交被视为成功，没有产生错误计数，导致团队曾误将“队列无报错”当作“同步完整”。 为此，公司规定不得用“队列无报错”替代数量守恒校验，并要求涉及游标、去重或并发模型的连接器变更必须在预发布环境执行乱序回放。
EKV1-056-C	Q=北辰三类日志保留相对公司默认有哪些差异？	EXPECTED=应用+150天，检索+30天，审计相同365天	ANSWER=根据检索到的信息，北辰零售（战略客户）的三类日志保留期限与公司默认标准存在显著差异，具体如下： **1. 应用日志 (Application Logs)** * **公司默认：** 保存 30 天 。 * **北辰零售：** 保存 **180 天** 。 * **差异：** 北辰零售的要求比公司默认标准多出 150 天。 **2. 检索日志 (Search/Retrieval Logs)** * **公司默认：** 保存 60 天 。 * **北辰零售：** 保存 **90 天** 。 * **差异：** 北辰零售的要求比公司默认标准多出 30 天。 **3. 安全审计日志 (Security Audit Logs)** * **公司默认：** 保存 365 天 。 * **北辰零售：** 保存 **365 天** 。 * **差异：** 两者一致，无差异。 **补充说明：** * **存储位置要求：** 北辰零售的所有上述日志必须存放在其**杭州数据中心**，不得复制到公有云 。 * **合同效力：** 北辰零售的日志保留要求属于客户合同例外条款，高于公司默认标准，执行时以客户档案和合同附件为准 。
EKV1-056-P	Q=结合客户档案和安全制度，对比北辰与默认日志期限。	EXPECTED=应用+150天，检索+30天，审计相同365天	ANSWER=根据《北辰零售战略客户档案》与《数据分级与访问控制制度》，北辰零售的日志保留期限与公司默认标准存在显著差异，具体如下： ### 1. 日志保留期限对比 | 日志类型 | 公司默认标准 | 北辰零售（合同例外） | 差异说明 | | :--- | :--- | :--- | :--- | | **应用日志** | 30 天 | **180 天** | 北辰要求延长至 6 倍时长 | | **检索日志** | 60 天 | **90 天** | 北辰要求延长 30 天 | | **安全审计日志** | 365 天 | **365 天** | 两者一致 | ### 2. 存储位置要求 * **公司默认**：未指定特定物理位置限制（通常依云平台分布）。 * **北辰零售**：所有上述日志必须存放在**客户杭州数据中心**，不得复制到公有云 。 ### 3. 执行依据 北辰零售的日志保留条款属于客户合同例外，其优先级高于公司默认标准。在执行时，应以《北辰零售战略客户档案》和合同附件 D 为准 。这一特殊要求也已在《数据分级与访问控制制度》中作为案例被明确引用，指出当合同有更长或更短要求时，以客户配置基线为准 。
EKV1-057-C	Q=Wiki预算调整以哪个最新文件为准，调整后总额和两项变化是什么？	EXPECTED=以8月6日经营决议：总额180万，模型评测52万、可靠性50万	ANSWER=Wiki 2.0 预算调整以**《12_2026年第三季度OKR与经营会决议》**为准。 根据该决议及《预算、采购与费用报销制度》中的最新口径，调整后的具体情况如下： * **预算总额**：保持 **180 万元**不变。 * **两项变化**：从“模型与评测”科目转出 **20 万元**至“可靠性改造”科目。 * “模型与评测”由原定的 72 万元调整为 **52 万元**； * “可靠性改造”由原定的 30 万元调整为 **50 万元**。
EKV1-057-P	Q=预算制度与经营决议冲突时应采用什么口径？	EXPECTED=以8月6日经营决议：总额180万，模型评测52万、可靠性50万	ANSWER=当预算制度与经营决议发生冲突时，应**以经营决议为准**。 根据《2026 年第三季度 OKR 与经营会决议》中的规定：“若专项制度与本决议冲突，以本决议为准，直到后续正式制度更新”。 此外，《公司概况与组织决策机制》中也明确了文档优先级顺序，其中“董事会已批准决议”和“EC 纪要”的优先级高于“现行制度”。例如，在 2026 年 Q3 的 Wiki 2.0 专项预算中，尽管预算制度附件中有原分配方案，但董事会于 8 月 6 日通过的决议将“模型与评测”预算转出 20 万元至“可靠性改造”，该决议覆盖了原有的预算分配口径。
EKV1-058-C	Q=Wiki 2.0奖金全部释放要同时满足哪两个产品质量指标？	EXPECTED=多跳准确率≥82%，引用覆盖率≥95%	ANSWER=根据《人员绩效与混合办公政策》文档，Wiki 2.0 项目奖金池（36万元）全部释放需要同时满足以下两个产品质量指标： 1. **多跳准确率不低于 82%** 2. **来源引用覆盖率不低于 95%** 如果仅达到其中一项指标，则释放 40% 的奖金；若两项均未达到，则不释放奖金。这一标准也与公司 2026 年第三季度 OKR 中关于 Wiki 2.0 的关键结果（KR2）保持一致。
EKV1-058-P	Q=产品验收目标如何直接决定36万元奖金池全额释放？	EXPECTED=多跳准确率≥82%，引用覆盖率≥95%	ANSWER=根据《人员绩效与混合办公政策》，36万元奖金池（针对Wiki 2.0项目）的全额释放直接取决于以下两项产品验收目标必须**同时达到**： 1. **多跳准确率**：不低于 **82%**； 2. **来源引用覆盖率**：不低于 **95%**。 如果仅达到其中一项指标，奖金池仅释放40%；若两项均未达到，则不释放奖金。此外，若发生经确认源于项目设计缺陷的安全越权事件，奖金池将由执行委员会（EC）重新评估。 这些指标也与公司2026年第三季度的OKR保持一致，其中明确要求Wiki 2.0的多跳问答准确率达到82%，来源引用覆盖率达到95%。
EKV1-059-C	Q=Agent可靠性规范中工具次数上限和最终回答状态要求是什么？	EXPECTED=最多12次；区分来源确认、推断、未找到	ANSWER=根据《AI 模型使用与知识质量治理规范》和《AtlasDesk 产品与版本路线图》，Agent 可靠性规范中关于工具调用次数上限和最终回答状态的要求如下： **1. 工具调用次数上限** Agent 默认最多执行 **12 次**工具调用。 **2. 最终回答状态要求** * **明确区分信息来源：** 最终回答必须明确区分“来源确认”、“推断”和“未找到”三种状态。 * **异常终止机制：** 当遇到输出长度限制、权限拒绝或来源不足时，Agent 应终止当前推理链并返回明确的状态，不得重复生成相同段落或无工具循环。 * **禁止绕过权限：** 当工具返回权限拒绝时，不得通过其他搜索词绕开限制。
EKV1-059-P	Q=结合产品路线图与AI治理，Agent应在什么限制下区分哪些结论状态？	EXPECTED=最多12次；区分来源确认、推断、未找到	ANSWER=根据产品路线图与 AI 治理规范，AtlasDesk 的 Agent 在运行时应遵循以下限制并区分结论状态： ### 1. 运行限制 * **工具调用次数**：Agent 每轮最多执行 **12 次**工具调用。 * **会话时长**：单次会话总时长上限为 **90 秒**。 * **异常终止机制**：当遇到输出长度上限、权限拒绝或来源不足时，Agent 应终止当前推理链，不得重复输出同一答案或通过变换搜索词绕过权限限制。 * **高风险操作确认**：涉及数据导出、权限修改、批量发布等高风险动作，必须在执行前请求人工确认。 ### 2. 结论状态区分 最终回答必须明确区分以下三种状态，以确保信息的透明度和可追溯性： * **来源确认**：基于原始可追溯记录的事实性回答。 * **推断**：基于现有信息进行的逻辑推导。 * **未找到**：明确告知用户无法获取相关信息，而非强行生成答案。 此外，若不同来源存在冲突，模型不得自行选择“最合理”的数字，而应展示来源、日期和适用范围，并根据公司信息源优先级说明当前有效值。
EKV1-060-C	Q=2027年是否下线Core版本已经决定了吗，销售能否对外传播？	EXPECTED=未决定，销售不得对外传播	ANSWER=根据2026年第三季度经营会决议，关于2027年是否下线Core版本的事项**暂未决定**。 在此情况下，**销售不得对外传播**该信息。
EKV1-060-P	Q=路线图和最新经营决议对Core下线给出的最终状态是什么？	EXPECTED=未决定，销售不得对外传播	ANSWER=根据最新的经营决议，关于 Core 版本下线的最终状态如下： **2027 年是否下线 Core 版本暂未决定。** 具体细节包括： 1. **决策状态**：该事项属于“未决事项”，公司尚未做出最终决定。 2. **对外口径**：销售团队不得对外传播有关 Core 版本下线的任何信息。 3. **当前路线图**：在当前的产品路线图中（窗口为 2026 Q3–2027 Q1），Core 仍作为面向 200 人以内团队的商业版本存在，并未标记为即将下线。
